﻿Silhoutte,Colab?,X-Brand,Womens?,Rerelease?,Colorway,retail,resale,Size (men's US),marketplace,Relevant Hastags,SearchTerms
Cosmic Unity,n,,n,n,Green Glow,150,181,9,StockX,"#cosmicunity,#movetozero",greenglow|green glow|greenglo|green glo
Blazer Mid,y,READYMADE,n,n,White,160,322,9,StockX,#readymade,white
Blazer Mid,y,READYMADE,n,n,Black,160,356,9,StockX,#readymade,black
Dunk Low,n,,n,,City Market,110,399,9,StockX,"#citymarket,#dunklow,#dunk",citymarket|city market|ctymarket|ctymrkt|cty mrkt|cty market
Dunk High,n,,n,,Dark Curry,120,182,9,StockX,"#darkcurry,#dunkhigh",dark curry|darkcurry|drkcrry|drk crry
Jordan 1 Retro High OG,n,,n,,University Blue,170,424,9,StockX,"#aj1,#universityblue,#unc",universityblue|university blue|uniblue|univblue
